catalog	id	name
skill1601	218	重击
skill1601	219	警觉
skill1601	220	勇气
skill1601	221	疗伤
skill1601	222	御剑诀
skill1601	223	寒冰咒
skill1601	224	南华真经
skill1601	225	驭雷术
skill1601	226	寒霜剑气
skill1601	228	破魔剑气
skill1601	229	冰心诀
skill1601	230	玄冰刺
skill1601	231	五气朝元
skill1601	232	归元剑气
skill1601	233	逍遥游
skill1601	234	雷云风暴
skill1601	235	真元护体
skill1601	236	雷霆震怒
skill1601	237	怒剑狂花
skill1601	238	五雷轰顶
skill1601	239	炼气还神
skill1601	240	天外飞仙
skill1601	241	天仙护体
skill1601	242	雷神之锥
skill1601	243	追风咒
skill1601	244	疯魔斩
skill1601	245	冷嘲热讽
skill1601	246	失魂斩
skill1601	247	迅雷斩
skill1601	248	火焰刀
skill1601	249	枯木咒
skill1601	250	焚心斩
skill1601	251	厚土咒
skill1601	252	寒冰刃
skill1601	253	密云咒
skill1601	254	无妄斩
skill1601	255	噬血斩
skill1601	256	天魔舞
skill1601	257	魔性大发
skill1601	258	猛火咒
skill1601	259	指天骂地
skill1601	260	锐金咒
skill1601	261	逆水咒
skill1601	262	天魔附体
skill1601	263	夺神斩
skill1601	264	修罗斩
skill1601	266	大悲咒
skill1601	267	降魔杖
skill1601	268	往生咒
skill1601	269	菩提树
skill1601	270	狮子吼
skill1601	271	诵经
skill1601	273	宏愿
skill1601	274	般若经
skill1601	275	同归极乐
skill1601	276	易筋经
skill1601	277	佛光普照
skill1601	278	金刚经
skill1601	279	明镜台
skill1601	280	苦海无边
skill1601	282	伏魔经
skill1601	283	慈航普渡
skill1601	284	天地同寿
skill1601	285	金刚护体
skill1601	287	断水
skill1601	288	缥缈
skill1601	289	浮光
skill1601	290	情网
skill1601	291	烟雨
skill1601	292	决绝
skill1601	293	止水
skill1601	294	飞花
skill1601	295	暗香
skill1601	296	迷离
skill1601	297	凝神
skill1601	298	销魂
skill1601	299	激励
skill1601	300	倾情
skill1601	301	温柔
skill1601	302	相思
skill1601	303	缠绵
skill1601	304	倾城
skill1601	305	热血
skill1601	306	蝶舞
skill1601	307	祈福
skill1601	308	破云
skill1601	309	绝恋
skill1601	312	少阳剑气
skill1601	313	剑心通明
skill1601	314	痴情咒
skill1601	315	绝情咒
skill1601	319	观音经
skill1601	324	山盟
skill1601	380	玄妙镜
skill1601	381	齐物论
skill1601	382	四大皆空：火
skill1601	383	四大皆空：风
skill1601	384	四大皆空：水
skill1601	385	四大皆空：地
skill1601	386	大慈悲
skill1601	393	御空术
skill1601	394	御空术
skill1601	395	御空术
skill1601	396	御空术
skill1601	460	养生主
skill1601	461	黄帝内经
skill1601	462	血誓
skill1601	463	无常令
skill1601	464	明王心经
skill1601	465	地藏心经
skill1601	466	风流
skill1601	467	自恋
skill1601	519	霸天戮杀
skill1601	520	虚空斩
skill1601	521	聚灵咒
skill1601	522	明王降世
skill1601	523	狱龙破
skill1601	524	化血魔心
skill1601	525	旋龙幻杀
skill1601	526	无间寂
skill1601	527	苍劫阵
skill1601	528	碧影
skill1601	529	落霞
skill1601	530	幻真
skill1601	531	秋波
skill1601	532	云雨
skill1601	533	江南
skill1601	534	忘情
skill1601	535	星愿
skill1601	536	忘忧
skill1601	537	霜天雪舞
skill1601	538	大道无形
skill1601	539	天玄冰
skill1601	540	极度深寒
skill1601	541	天诛剑气
skill1601	542	真元华闪
skill1601	543	天地不仁
skill1601	544	天机印
skill1601	545	七劫斩龙诀
skill1601	546	拈花妙谛
skill1601	547	破魔秘言
skill1601	548	净土真言
skill1601	549	摩诃心经
skill1601	550	寂灭蔽日
skill1601	551	因果循环
skill1601	552	六道轮回
skill1601	553	慈航法愿
skill1601	554	佛陀净世愿
skill1601	775	魔魂天咒
skill1601	776	狂灵反噬
skill1601	777	毁天灭地
skill1601	778	未名斩
skill1601	779	旧梦
skill1601	780	惜春
skill1601	781	怜影
skill1601	782	风花雪月
skill1601	783	雷光遁龙诀
skill1601	784	天尊法身
skill1601	785	太极玄天真诀
skill1601	786	神剑御雷真诀
skill1601	787	雷音法谕
skill1601	788	无量真言
skill1601	789	大梵般若
skill1601	790	万象生佛
skill1601	1093	剔骨凶牙
skill1601	1094	百鬼夜行
skill1601	1095	遁影漫尘
skill1601	1096	化骨毒砂
skill1601	1097	魔魂姿态
skill1601	1098	魔元邪咒
skill1601	1099	幽魂利爪
skill1601	1100	浸地毒芒
skill1601	1101	噬魂血牙
skill1601	1102	护法鬼语
skill1601	1103	旋风乱舞
skill1601	1104	御空术
skill1601	1105	幽泉鬼步
skill1601	1106	蛊王姿态
skill1601	1107	五鬼厉魂
skill1601	1108	蚀心毒蛊
skill1601	1109	怨念羁縻
skill1601	1110	含沙射影
skill1601	1111	凝血妖蛊
skill1601	1112	破刃邪魂
skill1601	1113	暴沙漫卷
skill1601	1114	归灵秘印
skill1601	1115	怨鬼心魔
skill1601	1116	鬼契铸魂
skill1601	1117	缚足蛇蛊
skill1601	1118	狱火炼魂
skill1601	1119	炼骨地刺
skill1601	1120	碎魂天袭
skill1601	1121	凝血神咒
skill1601	1122	幕天狂沙
skill1601	1123	狱火炼志
skill1601	1124	戾魂血印
skill1601	1125	暗影魔心
skill1601	1126	百蛊啖魂
skill1601	1127	燃魂劫火
skill1601	1128	毒龙蚀天
skill1601	1129	森罗三笑
skill1601	1130	巫毒斗瘴
skill1601	1131	灭魂狂飙
skill1601	1132	邪神傲世
skill1601	1133	神鬼乱舞
skill1601	1134	天选道怨
skill1601	1843	一击
skill1601	1844	横行
skill1601	1845	怒喝
skill1601	1846	虬筋
skill1601	1847	苦行
skill1601	1848	虎力
skill1601	1849	板肋
skill1601	1850	履尾
skill1601	1851	风息
skill1601	1852	炙焰
skill1601	1853	空行
skill1601	1854	雷霆
skill1601	1855	龙骧
skill1601	1856	暗伤
skill1601	1857	沥血
skill1601	1858	虎踞
skill1601	1859	破坚
skill1601	1860	百战
skill1601	1861	山岚
skill1601	1862	虎啸
skill1601	1863	狂言
skill1601	1864	破狱
skill1601	1865	缠龙
skill1601	1866	龙光
skill1601	1867	辟邪
skill1601	1868	破煞
skill1601	1869	豪血
skill1601	1870	连山
skill1601	1871	战歌
skill1601	1872	百烈
skill1601	1873	斗魂
skill1601	1874	裂空
skill1601	1875	杀戮
skill1601	1876	钢胆
skill1601	1877	碎刃
skill1601	1878	矍铄
skill1601	1879	乱刃
skill1601	1880	八肱
skill1601	1881	蚩魂
skill1601	1882	鏖战
skill1601	1883	风鸣矢
skill1601	1884	狼牙矢
skill1601	1885	星芒击
skill1601	1886	风行者
skill1601	1887	戮须子
skill1601	1888	毒炎咒
skill1601	1889	烁空劲
skill1601	1890	苍原狼
skill1601	1891	疾如风
skill1601	1892	凝血矢
skill1601	1893	眩光矢
skill1601	1894	空灵闪
skill1601	1895	空行
skill1601	1896	留客住
skill1601	1897	缚神诀
skill1601	1898	通明心
skill1601	1899	雷泽牯
skill1601	1900	徐如林
skill1601	1901	星月击
skill1601	1902	退魔矢
skill1601	1903	沧澜破
skill1601	1904	固元术
skill1601	1905	梦梧桐
skill1601	1906	如梦令
skill1601	1907	金锋镝
skill1601	1908	邙山熊
skill1601	1909	侵如火
skill1601	1910	双飞火
skill1601	1911	镇龙击
skill1601	1912	赤乌坠
skill1601	1913	天衍阵
skill1601	1914	醉芙蓉
skill1601	1915	失魂引
skill1601	1916	弧木经
skill1601	1917	砂河鼋
skill1601	1918	安如山
skill1601	1919	三云龙
skill1601	1920	大羿王
skill1601	1921	轮回闪
skill1601	1922	龙须虎
skill1601	2183	矫健
skill1601	2184	丰沛
skill1601	2185	冷嗤
skill1601	2186	矫健
skill1601	2187	丰沛
skill1601	2188	狐影术
skill1601	2411	猛袭
skill1601	2412	血刃
skill1601	2413	风切
skill1601	2414	侵杀
skill1601	2415	矫健
skill1601	2416	鬼步
skill1601	2417	血毒
skill1601	2418	迷踪
skill1601	2419	丰沛
skill1601	2420	影舞·形
skill1601	2421	血手
skill1601	2422	化影
skill1601	2423	潜袭
skill1601	2424	鬼切
skill1601	2425	瞬杀
skill1601	2426	空行
skill1601	2427	乘崩
skill1601	2428	潜形
skill1601	2429	延命
skill1601	2430	散手
skill1601	2431	当身
skill1601	2432	猎袭
skill1601	2433	雷切
skill1601	2434	突杀
skill1601	2435	足通
skill1601	2436	鬼幕
skill1601	2437	遁形
skill1601	2438	影舞·魂
skill1601	2439	绝手
skill1601	2440	影返
skill1601	2441	牙袭
skill1601	2442	龙切
skill1601	2443	斗杀
skill1601	2444	杀域
skill1601	2445	分筋
skill1601	2446	影遁
skill1601	2447	影祭
skill1601	2448	千手
skill1601	2449	受身
skill1601	2450	无想
skill1601	2451	天诛
skill1601	2452	一闪
skill1601	2453	影舞·极
skill1601	2459	初元音刃
skill1601	2460	丰沛
skill1601	2461	余音绕梁
skill1601	2462	弥纱音刃
skill1601	2463	清辉音刃
skill1601	2464	语光音刃
skill1601	2465	行云流水
skill1601	2466	悲秋华章
skill1601	2467	矫健
skill1601	2468	松风雅韵
skill1601	2469	引魂雅韵
skill1601	2470	鸣泉雅韵
skill1601	2471	地崖音刃
skill1601	2472	魂牵梦绕
skill1601	2473	神引：紫竹三调
skill1601	2474	天籁：平沙落雁
skill1601	2475	红鸾音刃
skill1601	2476	惊弦华章
skill1601	2477	空行
skill1601	2478	青冥雅韵
skill1601	2479	天籁：高山流水
skill1601	2480	中平音刃
skill1601	2481	天韵琴心
skill1601	2482	神引：渔阳三挝
skill1601	2483	天籁：十面埋伏
skill1601	2484	济岚音刃
skill1601	2485	朔月华章
skill1601	2486	云水雅韵
skill1601	2487	听霜雅韵
skill1601	2488	天籁：金蛇狂舞
skill1601	2489	庆龙音刃
skill1601	2490	大音希声
skill1601	2491	神引：关山三叹
skill1601	2492	天籁：春江月夜
skill1601	2493	升皇音刃
skill1601	2494	昆玉华章
skill1601	2495	秋声雅韵
skill1601	2496	镜花水月
skill1601	2497	天籁：阳春白雪
skill1601	2498	神引：阳关三叠
skill1601	2499	九霄绝响
skill1601	2500	神引：梅花三弄
skill1601	2501	琼台雅韵
skill1601	3364	星火
skill1601	3365	丰脉
skill1601	3366	孪星
skill1601	3367	原灵
skill1601	3368	明觉
skill1601	3369	神奕
skill1601	3370	锋芒
skill1601	3371	聚烁
skill1601	3372	天守
skill1601	3424	烈焰袭
skill1601	3425	幽炎咒
skill1601	3426	一线天
skill1601	3427	醒神诀
skill1601	3428	浑阳令
skill1601	3429	封魔术
skill1601	3430	御空术
skill1601	3431	业火杀
skill1601	3432	霸邪障
skill1601	3433	三昧真火
skill1601	3434	炎兵炙魂
skill1601	3435	火猎护主
skill1601	3436	烈羽心经
skill1601	3437	天锁囚怨
skill1601	3438	凝神百炼
skill1601	3439	祭剑凝元
skill1601	3440	天宗心法
skill1601	3441	劫火明尊
skill1601	3442	绝尘六合
skill1601	3443	火焰纹章
skill1601	3444	炽炎千里
skill1601	3445	法元解放
skill1601	3446	缚足锁魂
skill1601	3447	玄阳火典
skill1601	3448	炼狱劫波
skill1601	3449	涅盘重生
skill1601	3450	祝融真典
skill1601	3451	南巫天火
skill1601	3452	太渊业海
skill1601	3453	焚香玉册
skill1601	3454	八凶玄火
skill1601	3455	冲杀
skill1601	3456	日月斩
skill1601	3457	神息术
skill1601	3458	风雷击
skill1601	3460	丰沛
skill1601	3461	罡星
skill1601	3462	镇魂歌
skill1601	3463	醉乾坤
skill1601	3464	矫健
skill1601	3465	魁武
skill1601	3466	纵横令
skill1601	3467	寸地诀
skill1601	3468	连环落
skill1601	3469	搜魂手
skill1601	3470	杀破狼
skill1601	3472	山海经
skill1601	3473	离恨戈
skill1601	3474	千机引
skill1601	3475	空行
skill1601	3476	天罡正觉·形
skill1601	3477	地煞狂灵·形
skill1601	3478	雷霆击
skill1601	3479	灭世度
skill1601	3480	血魂劫
skill1601	3482	玄武经
skill1601	3483	亢龙击
skill1601	3484	闪神诀
skill1601	3485	天脉者
skill1601	3486	天罡正觉·神
skill1601	3487	地煞狂灵·神
skill1601	3488	滔天劲
skill1601	3489	奔雷闪
skill1601	3490	星河陨
skill1601	3492	混元经
skill1601	3493	鬼阎罗
skill1601	3494	擒龙决
skill1601	3495	流光阵
skill1601	3496	玄魂甲
skill1601	3497	虚空断
skill1601	3498	三生判
skill1601	3499	乾坤荡
skill1601	3501	鬼神气
skill1601	3502	伏羲魂
skill1601	3703	龙虎斗
skill1601	3704	寂灭道
skill1601	3705	生死祭
skill1601	3706	阴阳劫
skill1601	3707	天地绝
skill1601	3997	净涅·朔星
skill1601	3998	里界·霁云
skill1601	3999	界·遁光式·千行
skill1601	4000	碎涅·龙元
skill1601	4001	里裔引·矫健
skill1601	4002	里裔引·丰沛
skill1601	4003	净涅·劫·秋鸣
skill1601	4004	净涅·罡·静雨
skill1601	4005	极·祖灵·枭夜
skill1601	4006	极·祖灵·启辉
skill1601	4007	里裔引·回雪
skill1601	4008	里裔引·山岚
skill1601	4009	净涅·亚光
skill1601	4010	莲华·空行
skill1601	4011	里裔引·龙歌
skill1601	4012	霸元·夕
skill1601	4013	天元·晖
skill1601	4014	净涅·劫·听仇
skill1601	4015	净涅·罡·存照
skill1601	4016	碎涅·劫·暗香浮动
skill1601	4017	碎涅·罡·连星
skill1601	4018	碎涅·弥陆
skill1601	4019	莲华·瞬
skill1601	4020	莲华·翔
skill1601	4021	里裔引·花讽
skill1601	4022	里裔引·隼音
skill1601	4023	碎涅·劫·定风波
skill1601	4024	碎涅·罡·三千界
skill1601	4025	空涅·劫·借法
skill1601	4026	空涅·罡·帝心
skill1601	4027	碎涅·屏夜
skill1601	4028	界·天演式·和合
skill1601	4029	皇极·冥
skill1601	4030	霸元·介
skill1601	4031	天元·由
skill1601	4032	碎涅·劫·永夜
skill1601	4033	碎涅·罡·盛风
skill1601	4034	净涅·劫·黑煞
skill1601	4035	净涅·罡·耀世
skill1601	4036	皇极·目苍穹
skill1601	4037	元·无间
skill1601	4038	涅·皇天法魂术
skill1601	4039	界·天演式·六道
skill1601	4771	点睛之笔
skill1601	4772	木甲术：毒疠
skill1601	4773	神行
skill1601	4774	木甲术：连环
skill1601	4775	丰沛
skill1601	4776	刚毅
skill1601	4777	蛮烟
skill1601	4778	神机：诡雷
skill1601	4779	矫健
skill1601	4780	明慧
skill1601	4781	灵言心甲
skill1601	4782	召唤：昙瘴
skill1601	4783	木甲：魔蝎
skill1601	4784	木甲：炎虎
skill1601	4785	木甲：鲲鹏
skill1601	4786	木甲：妙谛
skill1601	4787	木甲：岳神
skill1601	4789	妙笔连珠
skill1601	4790	木甲术：燎原
skill1601	4791	木甲术：焦灼
skill1601	4792	如归
skill1601	4793	机关术：迷踪
skill1601	4794	机关术：余烬
skill1601	4795	灵动
skill1601	4796	李代桃僵
skill1601	4797	召唤：燃薪
skill1601	4798	银钩铁画
skill1601	4799	木甲术：浩渺
skill1601	4800	木甲术：惊涛
skill1601	4801	涡流
skill1601	4802	机关术：飞泉
skill1601	4803	机关术：桃源
skill1601	4804	澎湃
skill1601	4805	文心雕龙
skill1601	4806	召唤：浩渺
skill1601	4807	妙笔生辉
skill1601	4808	海市蜃楼
skill1601	4809	木甲术：百劫
skill1601	4810	姻缘
skill1601	4811	机关术：红尘
skill1601	4812	慧眼问道
skill1601	4813	心境澄明
skill1601	4814	浮生若梦
skill1601	4815	召唤：菡萏
skill1601	4816	神来一笔
skill1601	4817	木甲术：山洪
skill1601	4818	机关术：裂地
skill1601	4819	召唤：通天
skill1601	4838	断金
skill1601	4839	血勇诀
skill1601	4840	睥睨诀
skill1601	4841	计·调虎离山
skill1601	4842	践踏
skill1601	4843	阻截
skill1601	4844	令·急行
skill1601	4845	骁勇
skill1601	4846	杀意
skill1601	4847	牵制术
skill1601	4848	阵·五行八卦
skill1601	4849	阵·天罡伏魔
skill1601	4850	开山
skill1601	4851	山岚战法
skill1601	4852	怒涛战法
skill1601	4853	令·奔袭
skill1601	4854	蔽日
skill1601	4855	攻坚
skill1601	4856	分化术
skill1601	4857	凝神诀
skill1601	4858	坚体诀
skill1601	4859	破天
skill1601	4860	阵·奇门遁甲
skill1601	4861	阵·十面埋伏
skill1601	4862	令·冲锋
skill1601	4863	天牢
skill1601	4864	血刃
skill1601	4865	计·围魏救赵
skill1601	4866	固若金汤
skill1601	4867	直捣黄龙
skill1601	4868	横扫千军
skill1601	4869	无定战法
skill1601	4870	升龙战法
skill1601	4871	麒麟化身
skill1601	4872	焦土
skill1601	4873	背水
skill1601	4874	狂澜术
skill1601	4875	龙鳞诀
skill1601	4876	凤羽诀
skill1601	4877	纵横天下
skill1601	4878	霸无双
skill1601	4879	逆鳞断
skill1601	4880	阎王敌
skill1601	5373	焦金流石
skill1601	5374	长云赤浪
skill1601	5375	蒹葭秋色
skill1601	5376	兑金印
skill1601	5377	白鱼吹浪
skill1601	5378	暮云簟影
skill1601	5379	流风回雪
skill1601	5380	云横雪岭
skill1601	5381	平沙莽莽
skill1601	5382	丹霞吟
skill1601	5383	暗剑藏锋
skill1601	5384	穿云逐月
skill1601	5385	巽木印
skill1601	5386	凌波微步
skill1601	5387	万夫莫开
skill1601	5388	赤帝挥戈
skill1601	5389	雪拥蓝关
skill1601	5390	蓝田玉暖
skill1601	5391	海纳百川
skill1601	5392	燕舞明堂
skill1601	5393	横断沧流
skill1601	5394	艮土印
skill1601	5395	斗转星移
skill1601	5396	疾风斩月
skill1601	5397	千峰毓秀
skill1601	5398	雪爪鸿泥
skill1601	5399	孤烟障
skill1601	5400	八荒六合
skill1601	5401	游龙跃波
skill1601	5402	神机三变
skill1601	5403	离火印
skill1601	5404	龙困浅滩
skill1601	5405	浮光掠影
skill1601	5406	挪移咒
skill1601	5407	朱鸟惊翔
skill1601	5408	羌笛万里
skill1601	5409	须弥破
skill1601	5410	月落关山
skill1601	5411	七星闪
skill1601	5412	坎水印
skill1601	5413	万象鸿冥
skill1601	5414	排山倒海
skill1601	5415	繁星碎
skill1601	6006	风入松
skill1601	6011	梅弄影
skill1601	6012	云破月
skill1601	6013	雪月交光
skill1601	6014	烛影摇红
skill1601	6015	浮生回顾
skill1601	6016	青藜照夜
skill1601	6017	明月逐来
skill1601	6018	碧柳摇风
skill1601	6019	吹面清寒
skill1601	6020	一川烟草
skill1601	6021	晴云点波
skill1601	6073	烟锁翠薇
skill1601	6074	御风无凭
skill1601	6075	荠荷清圆
skill1601	6076	残花吹尽
skill1601	6077	满城风絮
skill1601	6078	晴沙絮舞
skill1601	6079	捣尽玄霜
skill1601	6080	缓分花陌
skill1601	6081	研彻晓光
skill1601	6082	晚风盈袖
skill1601	6083	寒影初回
skill1601	6084	绿水荫浓
skill1601	6085	孤标掠影
skill1601	6086	春衫凝碧
skill1601	6087	新蝉惊晚
skill1601	6088	门含风帘
skill1601	6089	骊歌一叠
skill1601	6090	湘云织玉
skill1601	6091	乱花如雨
skill1601	6092	霜天晓角
skill1601	6093	月慢星移
skill1601	6094	水寒云晚
skill1601	6095	幽花迷雾
skill1601	6096	烟焰雾雨
skill1601	6097	疏影浮香
skill1601	6098	夭桃繁杏
skill1601	6099	彤云扫天
skill1601	6100	小径香残
skill1601	6101	飞鸿踏雪
skill1601	6102	舞破重山
skill1601	6103	袖翻乾坤
sds	1	群- 标准攻_战
sds	2	群- 冲锋_落_战
sds	3	群- 大伤害_战
sds	4	群- 大招_战
sds	5	群- 浮起手_战
sds	6	群- 浮空追_战
sds	7	群- 浮空追_战
sds	8	击退测试
sds	9	前冲
sds	10	后冲
sds	11	左冲
sds	12	右冲
sds	13	清除所有技能CD(GM技能勿改)
sds	14	通道自身状态格挡
sds	15	快跑—特殊
sds	16	召唤测试
sds	17	流星突袭
sds	18	流星空突拳
sds	19	天鹰脚
sds	20	回旋碎击拳
sds	21	回旋碎击拳
sds	22	流星迅光拳
sds	23	天马斗志
sds	24	雅典娜的恩赐
sds	27	闪影流星拳
sds	29	星魂降临
sds	30	天马之翼
sds	51	单体减少目标5%生命
sds	60	裂风踢
sds	61	原子破坏
sds	62	流星爆裂拳
sds	64	星命守护
sds	67	结晶之环
sds	68	钻石巨拳
sds	69	星尘拳
sds	70	曙光女神的宽恕
sds	71	冰霜炸弹
sds	77	白鸟之舞
sds	78	寒冷的龙卷风
sds	80	破碎
sds	81	龙之拳
sds	82	龙爪斩翔
sds	83	庐山龙飞翔
sds	84	龙之索
sds	85	真龙连牙
sds	86	狂龙之吼
sds	87	庐山龙咆哮
sds	88	龙纹之盾
sds	89	紫龙-解控制
sds	90	紫龙-破釜沉舟
sds	91	紫龙-龙回天
sds	92	圣剑
sds	93	升龙霸
sds	94	龙魂烈燃
sds	96	白色玫瑰
sds	97	红色玫瑰
sds	98	黑色玫瑰
sds	99	冰柩
sds	100	雪暴雷云
sds	101	冰霜炸弹
sds	102	AOE-减速
sds	104	雪暴雷云
sds	105	静止之冻土
sds	107	水晶反射
sds	108	水晶破碎击飞
sds	109	不破的黄金野牛
sds	110	回荡的吼声
sds	111	阿鲁迪巴的破绽
sds	112	挥向阿鲁迪巴之拳
sds	113	升龙阵
sds	121	天箭座-连射箭
sds	122	天箭座-夺命箭
sds	123	天箭座-电光穿行
sds	124	天箭座-高速狩猎
sds	125	蜥蜴座-云石旋风拳
sds	126	蜥蜴座-旋风屏障
sds	127	英仙座-蛇发恶魔首
sds	128	英仙座-美杜莎之盾
sds	129	乌鸦座-黑色旋风
sds	130	乌鸦座-乌鸦尖嚎
sds	131	白鸟裂踢
sds	133	美神变身
sds	134	女神鼓舞
sds	135	少女的祈祷
sds	136	吃面包
sds	137	绷带
sds	138	绑绷带
sds	139	药品恢复
sds	140	仙皇座-铁链捆缚
sds	141	仙皇座-连锁铁链防御
sds	142	仙皇座-结束铁索防御
sds	143	副本进入测试1
sds	144	副本进入测试2
sds	145	副本进入条件测试3
sds	146	副本进入条件测试4
sds	147	副本进入条件测试5
sds	151	获得武器
sds	152	挥舞武器
sds	153	投掷武器
sds	155	测试-buff
sds	156	阿鲁迪巴的回馈
sds	157	圣光沐浴
sds	158	开启黄泉之井_透明怪_让第一波怪变阵营2
sds	159	加速光效测试
sds	160	经验获得加速光效测试
sds	161	伤害倍率提高光效测试
sds	162	攻击力提高光效测试
sds	163	无敌光效测试
sds	164	暴击率提升光效测试
sds	165	中毒光效测试
sds	166	霜冻光效测试
sds	167	冰封光效测试
sds	168	诅咒光效测试
sds	169	虚弱光效测试
sds	170	流血光效测试
sds	171	眩晕光效测试
sds	172	石化光效测试
sds	173	沉睡光效测试
sds	174	灼烧光效测试
sds	175	沉默光效测试
sds	176	开启黄泉之井_透明怪_让第三波怪变阵营
sds	177	石柱坍塌
sds	178	条件触发技能测试
sds	179	黄金野牛之光
sds	180	紫龙-拉怪-浮空测试
sds	181	灼烧
sds	183	狮子座-闪电光速拳
sds	184	狮子座-闪电束
sds	185	庐山龙飞翔
sds	186	庐山升龙霸
sds	187	庐山天龙牙
sds	191	黑色守护者
sds	192	十战_玩家_变身紫龙
sds	193	十战_玩家_变身一辉
sds	194	十战_玩家_变身星矢
sds	195	凤凰冲击
sds	196	凤翼天翔
sds	197	凤凰幻魔拳
sds	198	天马落星拳
sds	199	天马流星拳
sds	200	天马彗星拳
sds	201	十战_玩家_天马回旋碎击拳
sds	202	死亡替身
sds	203	死神回血
sds	204	真人纱织-闪现
sds	205	黑龙技能
sds	206	怪物伏龙变身
sds	207	天狼Buff
sds	208	天狼禁锢
sds	209	狼袭
sds	210	天狼扑杀
sds	211	掉头盔碎衣
sds	212	狼影
sds	213	狼绝杀
sds	214	影分身攻击
sds	215	红色火焰
sds	217	冰河-解控制隐藏
sds	218	冰封大地
sds	219	冰河-冰阵AOE
sds	220	钻石星辰拳
sds	221	死亡冰冻
sds	222	凤翼天翔
sds	223	凤凰幻魔拳
sds	224	极光之守护
sds	225	十战_玩家得到小强BUFF
sds	226	新手村_玩家变身冥界骷髅兵
sds	231	打断技能
sds	232	三环双鱼_增强buff
sds	234	流星空突拳
sds	235	钻石巨拳
sds	236	龙之拳
sds	237	防御加1000
sds	238	生命加1000
sds	239	命中加1000
sds	240	闪避加1000
sds	241	地攻击加1000
sds	242	水攻击加1000
sds	243	火攻击加1000
sds	244	风攻击加1000
sds	245	地抗加1000
sds	246	水抗加1000
sds	247	火抗加1000
sds	248	风抗加1000
sds	249	地穿透加1000
sds	250	水穿透加1000
sds	251	火穿透加1000
sds	252	风穿透加1000
sds	253	暴伤加1000
sds	254	暴击率加50
sds	255	天秤_嘲讽
sds	256	小怪献祭
sds	257	免疫测试
sds	258	冰河-起手减速
sds	259	天秤_眼睛怪AE
sds	260	天秤_辉火火焰光柱
sds	261	天秤_天捷星毁灭振翅
sds	262	逃坂_爆炸游尸
sds	263	逃坂_剧毒游尸
sds	264	银河竞技场变身观众
sds	265	银河竞技场小宇宙爆发透明怪_黑暗仙女
sds	266	银河竞技场小宇宙爆发透明怪_黑暗白鸟
sds	267	天秤_因陀罗毁灭者特效怪召唤
sds	268	地伤害倍率
sds	269	水伤害倍率
sds	270	火伤害倍率
sds	271	风伤害倍率
sds	272	伤害倍率
sds	273	伤害抗性
sds	274	暴击率减免
sds	275	暴伤减免
sds	276	星矢-主输出
sds	277	关卡测试用-打百分之十
sds	278	迪斯马斯克积尸气冥界波
sds	280	冥界波
sds	281	纱织_自保吸收伤害
sds	282	大地图攻击药剂
sds	283	大地图暴击药剂
sds	284	小宇宙爆发
sds	285	职业-免疫
sds	286	天秤_童虎冰冻透明怪
sds	287	天秤_童虎冰冻免疫怪
sds	288	冰河-冰霜炸弹附属性
sds	289	冰河-伤害阵附属性
sds	290	小宇宙爆发动作测试2
sds	291	天秤_童虎庐山白龙霸
sds	292	破甲
sds	293	地囚星-重踏
sds	294	地囚星-虚弱
sds	295	地囚星-召唤透明怪
sds	296	透明怪-嘲讽地囚星
sds	297	地恶星-减速
sds	298	地恶星-鬼步
sds	299	地恶星-流血
sds	300	天败星-浮空
sds	301	天败星-浮空追加
sds	302	命中精通
sds	303	增加小宇宙能量
sds	304	冥想
sds	305	回城
sds	306	防卡回城
sds	307	测试简单变身
sds	308	雅典娜祝福增加攻击技能
sds	309	雅典娜祝福增加暴击率技能
sds	310	雅典娜祝福增加直击率技能
sds	311	雅典娜祝福回复生命技能
sds	312	雅典娜祝福白羊座技能
sds	313	雅典娜祝福金牛座技能
sds	314	雅典娜祝福双子座技能
sds	315	雅典娜祝福巨蟹座技能
sds	316	雅典娜祝福狮子座技能
sds	317	雅典娜祝福处女座技能
sds	318	雅典娜祝福天秤座技能
sds	319	雅典娜祝福射手座技能
sds	320	雅典娜祝福天蝎座技能
sds	321	雅典娜祝福摩羯座技能
sds	322	雅典娜祝福水瓶座技能
sds	323	雅典娜祝福双鱼座技能
sds	324	雅典娜祝福白羊座额外技能
sds	325	雅典娜祝福金牛座额外技能
sds	326	雅典娜祝福双子座额外技能
sds	327	雅典娜祝福巨蟹座额外技能
sds	328	雅典娜祝福狮子座额外技能
sds	329	雅典娜祝福处女座额外技能
sds	330	雅典娜祝福天秤座额外技能
sds	331	雅典娜祝福射手座额外技能
sds	332	雅典娜祝福天蝎座额外技能
sds	333	雅典娜祝福摩羯座额外技能
sds	334	雅典娜祝福水瓶座额外技能
sds	335	雅典娜祝福双鱼座额外技能
sds	336	变身黄金
sds	337	变身黄金-技能1
sds	338	变身黄金-技能2
sds	339	格挡
sds	340	打断
sds	341	打断
sds	342	打断
sds	343	前冲
sds	344	后冲
sds	345	左冲
sds	346	右冲
sds	347	龙击
sds	348	龙形拳
sds	349	升龙拳
sds	350	龙甲
sds	351	龙虎_虎击
sds	352	龙虎_雷爪
sds	353	龙虎_虎啸
sds	354	龙虎_碎石任务完成Buff
sds	355	龙虎_拦路石削弱自己
sds	356	龙虎_跑道加速
sds	357	龙虎_瀑布任务完成Buff
sds	358	龙虎_藏身处Buff
sds	359	庐山支线_杀小鸡
sds	360	庐山支线_杀蜜蜂
sds	361	庐山支线_炸老鼠
sds	362	庐山支线_杀乌龟
sds	363	格挡
sds	364	格挡
sds	365	格挡
sds	366	格挡
sds	367	闪避
sds	368	闪避
sds	369	闪避
sds	370	闪避
sds	371	闪避
sds	372	前冲
sds	373	后冲
sds	374	左冲
sds	375	右冲
sds	376	前冲
sds	377	后冲
sds	378	左冲
sds	379	右冲
sds	380	前冲
sds	381	后冲
sds	382	左冲
sds	383	右冲
sds	384	前冲
sds	385	后冲
sds	386	左冲
sds	387	右冲
sds	388	落鹰拳
sds	391	GM技能秒杀自身周围50米范围怪
sds	392	龙虎_进入副本变身紫龙
sds	397	卡西欧士_重击
sds	398	异化艾德_死亡之拳
sds	399	异化艾德_诅咒
sds	402	银河竞技场变身观众
sds	403	吸血针
sds	404	天马流行拳动作测试
sds	405	幻眠花
sds	406	绷带
sds	407	生灵水
sds	408	共享视野
sds	409	灵气药剂
sds	410	天池之水
sds	416	军团基地资源怪物无敌
sds	418	毒雾
sds	419	猛击
sds	420	瘟疫
sds	421	尸气
sds	422	龙形尸气
sds	423	升龙拳
sds	424	升龙霸
sds	425	击飞拳
sds	426	标准属性10级天马
sds	427	标准属性10级白鸟
sds	428	标准属性10级天龙
sds	429	标准属性10级仙女
sds	430	标准属性10级凤凰
sds	431	标准属性15级天马
sds	432	标准属性15级白鸟
sds	433	标准属性15级天龙
sds	434	标准属性15级仙女
sds	435	标准属性15级凤凰
sds	436	标准属性20级天马
sds	437	标准属性20级白鸟
sds	438	标准属性20级天龙
sds	439	标准属性20级仙女
sds	440	标准属性20级凤凰
sds	441	标准属性25级天马
sds	442	标准属性25级白鸟
sds	443	标准属性25级天龙
sds	444	标准属性25级仙女
sds	445	标准属性25级凤凰
sds	446	标准属性30级天马
sds	447	标准属性30级白鸟
sds	448	标准属性30级天龙
sds	449	标准属性30级仙女
sds	450	标准属性30级凤凰
sds	451	标准属性35级天马
sds	452	标准属性35级白鸟
sds	453	标准属性35级天龙
sds	454	标准属性35级仙女
sds	455	标准属性35级凤凰
sds	456	标准属性40级天马
sds	457	标准属性40级白鸟
sds	458	标准属性40级天龙
sds	459	标准属性40级仙女
sds	460	标准属性40级凤凰
sds	461	标准属性45级天马
sds	462	标准属性45级白鸟
sds	463	标准属性45级天龙
sds	464	标准属性45级仙女
sds	465	标准属性45级凤凰
sds	466	标准属性50级天马
sds	467	标准属性50级白鸟
sds	468	标准属性50级天龙
sds	469	标准属性50级仙女
sds	470	标准属性50级凤凰
sds	471	标准属性55级天马
sds	472	标准属性55级白鸟
sds	473	标准属性55级天龙
sds	474	标准属性55级仙女
sds	475	标准属性55级凤凰
sds	476	标准属性测试
sds	479	原著技能白羊座技能1看动作
sds	480	原著技能金牛座技能1看动作
sds	481	原著技能双子座技能1看动作
sds	482	原著技能巨蟹座技能1看动作
sds	483	原著技能狮子座技能1看动作
sds	484	原著技能处女座技能1看动作
sds	485	原著技能天秤座技能1看动作
sds	486	原著技能射手座技能1看动作
sds	487	原著技能天蝎座技能1看动作
sds	488	原著技能摩羯座技能1看动作
sds	489	原著技能水瓶座技能1看动作
sds	490	原著技能双鱼座技能1看动作
sds	491	原著技能天马座技能1看动作
sds	492	原著技能白鸟座技能1看动作
sds	493	原著技能天龙座技能1看动作
sds	494	原著技能仙女座技能1看动作
sds	495	原著技能凤凰座技能1看动作
sds	496	支线-庐山-龙珠之谜变身
sds	497	逃坂_解开玩家的束缚
sds	498	大地图防御药剂
sds	499	庐山支线_加速
sds	500	庐山支线_加速
sds	505	庐山主线_完成任务buff1
sds	506	庐山主线_完成任务buff2
sds	507	庐山主线_完成任务buff3
sds	509	新手村主线_加速
sds	510	纱织真人_传送
sds	511	庐山支线-杀燕子
sds	512	闯宫_头像喊话定身
sds	513	活力之光
sds	514	恢复之光
sds	515	领域
sds	516	安德洛美达之光
sds	517	星云之光
sds	518	星光壁障
sds	519	锁链加持
sds	520	牺牲之光
sds	521	女神垂赐
sds	522	净土转生
sds	523	次元角锁
sds	524	光年角锁
sds	525	命运圆锁
sds	526	裂空风暴角锁
sds	527	地狱圆锁
sds	528	锁链迷宫
sds	529	自由星光
sds	530	哈迪斯的意志
sds	531	瞬-减防
sds	532	命运圆锁
sds	534	瞬-怪物防御阵
sds	535	瞬-怪物通道治疗
sds	537	瞬-怪物放治疗区域
sds	538	召唤:白羊座守护
sds	539	召唤:金牛座守护
sds	540	召唤:双子座守护
sds	541	召唤:巨蟹座守护
sds	542	召唤:狮子座守护
sds	543	召唤:处女座守护
sds	544	召唤:天枰座守护
sds	545	召唤:天蝎座守护
sds	546	召唤:射手座守护
sds	547	召唤:摩羯座守护
sds	548	召唤:水瓶座守护
sds	549	召唤:双鱼座守护
sds	550	白羊守护-祝福
sds	551	金牛守护-祝福
sds	552	双子守护-祝福
sds	553	巨蟹守护-祝福
sds	554	狮子守护-祝福
sds	555	处女守护-祝福
sds	556	天枰守护-祝福
sds	557	天蝎守护-祝福
sds	558	射手守护-祝福
sds	559	摩羯守护-祝福
sds	560	水瓶守护-祝福
sds	561	双鱼守护-祝福
sds	563	龙虎_变身紫龙2
sds	565	庐山圣域密探技能1
sds	566	庐山圣域密探技能2
sds	567	庐山圣域密探技能3
sds	568	星光灭绝
sds	569	泰坦新星
sds	570	银河星爆
sds	571	积尸气冥界波
sds	572	闪电光束拳
sds	573	天魔降服
sds	574	庐山百龙霸
sds	575	黄金箭
sds	576	猩红毒针
sds	577	黄金圣剑
sds	578	曙光女神的宽恕
sds	579	食人鱼玫瑰
sds	580	天马流星拳
sds	581	钻石星辰拳
sds	582	庐山升龙霸
sds	583	星云风暴
sds	584	凤翼天翔
sds	585	测试技能触发QTE
sds	587	争夺boss-区域特殊效果
sds	590	银战_召唤那智
sds	591	迪斯马斯克buff
sds	592	引爆
sds	733	圣斗士归来
sds	760	黄金箭
sds	770	命令
sds	796	秒他们所有
sds	799	雷穿透
sds	800	雷伤害倍率
sds	801	雷攻击
sds	802	雷抗
sds	820	挣脱
sds	867	军团-攻击力
sds	868	军团-防御力
sds	869	军团-生命
sds	870	军团-沉默忽视
sds	871	军团-混乱忽视
sds	872	军团-中毒忽视
sds	873	军团-流血忽视
sds	874	军团-灼烧忽视
sds	875	军团-倒地忽视
sds	876	军团-冰冻忽视
sds	877	军团-石化忽视
sds	878	军团-移动控制忽视
sds	879	军团-虚弱忽视
sds	880	军团-沉默抗性
sds	881	军团-混乱抗性
sds	882	军团-中毒抗性
sds	883	军团-流血抗性
sds	884	军团-灼烧抗性
sds	885	军团-倒地抗性
sds	886	军团-冰冻抗性
sds	887	军团-石化抗性
sds	888	军团-移动控制抗性
sds	889	军团-虚弱抗性
sds	894	上色
sds	895	神龙摆尾
sds	896	潜龙勿用
sds	897	海皇遗民的祝福
sds	898	魔铃的守护
sds	899	莎尔娜的爱慕
sds	900	水元素要义
sds	901	假死封印术
sds	902	仙女岛之星云庇护
sds	903	皇后岛的不灭记忆
sds	904	永生的忠魂
sds	917	使用
sds	921	斗志燃烧
sds	922	奇袭
sds	923	破膝之箭
sds	924	神圣之翼
sds	925	勇者不灭
sds	926	云之冲击
sds	927	相同招式无效
sds	928	暴走流星
sds	929	星芒闪动
sds	930	光速的余暇
sds	931	决定性攻击
sds	932	火流星
sds	933	光翼庇护
sds	934	超新星冲击
sds	935	天马恒星拳
sds	936	恐惧压迫
sds	937	复苏龙魂
sds	938	斩灵爪
sds	939	涉水而行
sds	940	以一当十
sds	941	虽远必诛
sds	942	阿喀琉斯之踵
sds	943	再战
sds	944	双生龙牙
sds	945	震怒龙魂
sds	946	逆鳞触怒
sds	947	王者的威慑
sds	948	庐山煌龙霸
sds	949	千年龙转生
sds	950	银河瀑布倒悬
sds	958	使用
sds	959	使用
sds	996	星座守护·【白羊】
sds	1013	星座守护·【金牛】
sds	1014	星座守护·【双子】
sds	1015	星座守护·【巨蟹】
sds	1016	星座守护·【狮子】
sds	1017	星座守护·【处女】
sds	1018	星座守护·【天枰】
sds	1019	星座守护·【天蝎】
sds	1020	星座守护·【射手】
sds	1021	星座守护·【魔羯】
sds	1022	星座守护·【水瓶】
sds	1023	星座守护·【双鱼】
sds	1109	小宇宙爆发
sds	1111	疾奔
sds	1117	使用弦月琴
sds	1207	尤朵拉的药包
sds	1208	普罗米修斯之锤
sds	1289	普通攻击
sds	1429	回旋踢
sds	1430	闪电飞踢
sds	1444	白鸟裂踢
sds	1445	裂空风暴角锁
sds	1446	地狱圆锁
sds	1462	正义之语
sds	1463	恢复生命
sds	1518	龙魂感知
sds	1519	凌虐之焰
sds	1520	怒火之焰
sds	1521	冲击之焰
sds	1522	凤凰现临
sds	1523	火鸟之怒
sds	1524	凤凰幻动
sds	1525	死亡皇后之焰
sds	1526	憎恨虐杀
sds	1527	幻魔拳
sds	1528	火之领域
sds	1529	电浆风暴
sds	1530	黑暗之令
sds	1531	艾斯美达的祝福
sds	1532	浴火重生
sds	1533	羽影幻遁
sds	1534	不死鸟之歌
sds	1537	死亡皇后之焰
sds	1542	黑暗星之拳
sds	1543	黑暗流星拳
sds	1544	黑暗寒冰拳
sds	1545	黑暗钻石星辰拳
sds	1546	黑暗龙之拳
sds	1547	黑暗升龙霸
sds	1548	黑暗星云锁链
sds	1549	黑暗星云风暴
sds	1553	双子冲击
sds	1554	异次元空间拳
sds	1555	死亡宣告
sds	1556	银河星爆
sds	1587	能量释放
sds	1589	龙魂裂破
sds	1590	龙魂裂破
sds	1614	烟雾弹
sds	1622	星辰乱坠
sds	1627	流星
sds	1640	紫炎
sds	1641	紫炎乱舞
sds	1642	紫炎聚集
sds	1645	鬼苍焰
sds	1646	大鬼苍焰
sds	1647	苍焰爆破
sds	1650	鬼爪
sds	1651	鬼跳
sds	1652	鬼隐
sds	1654	鬼爪
sds	1655	喷血
sds	1656	鬼隐
sds	1657	浴血
sds	1674	注入
sds	1675	喂下
sds	1676	洒面粉
sds	1678	送礼物
sds	1679	林登的妙招
sds	1681	抽取
sds	1682	抽取
sds	1684	招降
sds	1723	积尸气冥界波
sds	1724	原子闪电光速拳
sds	1740	龙爪斩翔
sds	1774	小宇宙精华
sds	1775	玫瑰之刺
sds	1794	黄金圣剑
sds	1795	圣剑三连
sds	1803	治疗
sds	1813	站起
sds	1830	六边结晶
sds	1831	冰之舞
sds	1832	雪精灵
sds	1833	冻裂
sds	1834	冻气增幅
sds	1835	速冻
sds	1836	以战养战
sds	1837	永冻冰壁
sds	1838	寒潮频发
sds	1839	潮汐之力
sds	1840	极光升华
sds	1841	双重冻结
sds	1842	极光天舞
sds	1843	永冻冰海之花
sds	1844	冰霜巨人封印
sds	1865	守护星攻击
sds	1866	重力喷射
sds	1867	急冻射线
sds	1868	耀星烈火
sds	1869	星冕风暴
sds	1870	离子爆发
sds	1871	黑洞
sds	1872	白洞
sds	1873	狮子宫的星光
sds	1874	金牛宫的星光
sds	1875	巨蟹宫的星光
sds	1876	双鱼宫的星光
sds	1877	魔羯宫的星光
sds	1878	水瓶宫的星光
sds	1879	天蝎宫的星光
sds	1880	射手宫的星光
sds	1881	白羊宫的星光
sds	1882	天秤宫的星光
sds	1883	双子宫的星光
sds	1884	处女宫的星光
sds	1917	精力之光
sds	1918	紧急止血
sds	1919	持久守护
sds	1920	抢救
sds	1921	冥王的特赦
sds	1922	激励
sds	1923	蔷薇杀阵
sds	1924	强力束缚
sds	1925	星之轨迹
sds	1926	电流脉冲
sds	1927	锁链标记
sds	1928	黄金角锁
sds	1929	逆之秘仪
sds	1930	星云爆发
sds	1931	星云离子风
sds	1932	烈焰侵袭
sds	1933	高温电浆
sds	1934	临界温度
sds	1935	天威凌压
sds	1936	凤凰天暴
sds	1937	火地狱
sds	1938	曜星之血
sds	1939	真火暴烈
sds	1940	火之十字架
sds	1941	日冕冲击波
sds	1942	虚空之力
sds	1943	火精灵
sds	1944	凤魂归还
sds	1945	灭寂之力
sds	1946	炎帝领域
sds	1984	蛮横之盾
sds	1985	猩红海域
sds	1986	观星
sds	1987	鞭挞乱舞
sds	1988	海之召唤
sds	1989	海蛇之牙
sds	1990	九头蛇闪
sds	1991	炫光
sds	1992	巨剑
sds	1993	梵天乐
sds	1994	无畏战车
sds	1995	回旋飞轮
sds	1996	星云谜团
sds	1997	星云屏障
sds	1998	网罟之毒
sds	1999	网罟之伤
sds	2000	鹰翔风暴
sds	2001	鹰爪闪光
sds	2002	冥火
sds	2003	白夜
sds	2014	浴火重生
sds	2037	破坏小夜曲
sds	2038	幻想迷月
sds	2039	弦乐之花
sds	2048	狂狮碎裂拳
sds	2049	闪电光速拳
sds	2050	狂狮怒吼拳
sds	2051	恢复生命
sds	2056	站起
sds	2070	挣脱
sds	2079	天马流星拳
sds	2080	钻石星辰拳
sds	2081	庐山升龙霸
sds	2082	星云风暴
sds	2083	凤翼天翔
sds	2084	拷问锁链
sds	2085	三相之力
sds	2086	三界封印
sds	2087	超速飓风
sds	2088	复苏之风
sds	2089	黑色翅膀
sds	2090	黑鸦之风
sds	2091	逆袭号角
sds	2092	幻觉火焰
sds	2093	幻想迷乐
sds	2094	弦乐终止
sds	2103	流星
sds	2104	流星
sds	2138	天马流星拳
sds	2139	钻石星辰拳
sds	2140	庐山升龙霸
sds	2141	星云风暴
sds	2142	凤翼天翔
sds	2160	挣脱
sds	2177	挣脱
sds	2194	挣脱
sds	2235	泼水
sds	2236	治疗
sds	2237	封印之力
sds	2238	读信
sds	2239	敲晕
sds	2240	投掷火把
sds	2273	猩红海域
sds	2289	凤凰二式
sds	2290	凤凰幻魔拳
sds	2291	凤翼天翔
sds	2292	恢复生命
sds	2364	黑暗之拳
sds	2367	裂风踢
sds	2380	爱心箭
sds	2381	绿芒
sds	2382	爱之圣剑
sds	2400	流星之纹
sds	2401	坠星之纹
sds	2402	镇星之纹
sds	2403	陨星之纹
sds	2404	彗星之纹
sds	2405	霰痕之纹
sds	2406	雪痕之纹
sds	2407	霜痕之纹
sds	2408	冰痕之纹
sds	2409	冻气之纹
sds	2410	水印之纹
sds	2411	波涛之纹
sds	2412	逆水之纹
sds	2413	海啸之纹
sds	2414	银河之纹
sds	2415	星尘之纹
sds	2416	星芒之纹
sds	2417	星斑之纹
sds	2418	星团之纹
sds	2419	星云之纹
sds	2420	火焰之纹
sds	2421	烈火之纹
sds	2422	业火之纹
sds	2423	灵火之纹
sds	2424	凤凰之纹
sds	2460	取消变身
sds	2463	回旋飞轮
sds	2465	鹰翔风暴
sds	2466	冥火
sds	2471	极星之纹
sds	2472	飞星之纹
sds	2473	繁星之纹
sds	2474	白羽之纹
sds	2475	雾霜之纹
sds	2476	飘雪之纹
sds	2477	龙爪之纹
sds	2478	沧海之纹
sds	2479	升龙之纹
sds	2480	星域之纹
sds	2481	星屑之纹
sds	2482	星象之纹
sds	2483	火云之纹
sds	2484	赤羽之纹
sds	2485	琉焰之纹
sds	2509	幻想迷乐
sds	2515	回旋碎击拳
sds	2516	流星迅光拳
sds	2517	白鸟裂踢
sds	2518	曙光女神的宽恕
sds	2519	圣剑
sds	2520	升龙霸
sds	2521	休息
sds	2522	休息
sds	2523	回旋碎击拳
sds	2524	冰封大地
sds	2525	庐山龙飞翔
sds	2526	地狱圆锁
sds	2527	裂空风暴角锁
sds	2528	裂空风暴角锁
sds	2529	憎恨虐杀
sds	2530	幻魔拳
sds	2531	电浆风暴
sds	2557	流星迅光拳
sds	2558	曙光女神的宽恕
sds	2559	圣剑
sds	2579	极光天舞
sds	2580	永冻冰海之花
sds	2591	灭火
sds	2596	天马彗星拳
sds	2597	天马流星拳
sds	2598	提升小宇宙
sds	2600	寒冷的龙卷风
sds	2601	钻石星尘拳
sds	2602	冻气
sds	2711	正能量
sds	2725	星云捕兽夹
sds	2726	星云巨网
sds	2727	星云回旋镖
sds	2728	星云风暴
sds	2729	天秤座的双节棍
sds	2738	凤翼天翔
sds	2739	凤凰幻魔拳
sds	2740	天秤座的枪
sds	2748	天马流星拳
sds	2752	黄金箭
sds	2753	原子闪电光速拳
sds	2755	最强之拳
sds	2756	最强之盾
sds	2757	精神锁定
sds	2758	念力闪现
sds	2775	末日冰凌
sds	2776	残冰风暴
sds	2781	梦之铃兰
sds	2789	冰风暴
sds	2790	钻石星尘拳
sds	2791	冰冻光环
sds	2792	恢复生命
sds	2802	飞跃
sds	2803	箭雨
sds	2804	解散机甲
sds	2805	解散机甲
sds	2807	冲锋
sds	2808	重击
sds	2809	解散机甲
sds	2810	解散机甲
sds	2815	火焰防御塔建造
sds	2816	寒冰防御塔建造
sds	2817	火焰防御塔建造
sds	2818	寒冰防御塔建造
sds	2820	星光灭绝
sds	2821	星屑旋转功
sds	2822	巨型号角
sds	2823	泰坦新星
sds	2824	银河星爆
sds	2825	幻胧魔皇拳
sds	2826	异次元空间
sds	2827	积尸气冥界波
sds	2828	积尸气鬼苍焰
sds	2829	闪电光速拳
sds	2830	等离子光速拳
sds	2831	天魔降服
sds	2832	六道轮回
sds	2833	天舞宝轮
sds	2834	庐山升龙霸
sds	2835	庐山百龙霸
sds	2836	念力幽禁
sds	2837	猩红毒针
sds	2838	深红毒针
sds	2839	原子闪电光速拳
sds	2840	黄金箭
sds	2841	圣剑三连
sds	2842	黄金圣剑
sds	2843	钻石星尘拳
sds	2844	曙光女神之宽恕
sds	2845	皇室魔宫玫瑰
sds	2846	吸血玫瑰
sds	2847	食人鱼玫瑰
sds	2851	聚力-破盾式
sds	2852	御敌-冰封式
sds	2853	爆裂-斩魂式
sds	2904	绷带
sds	2905	沐浴狼血
sds	2907	蜡
sds	2908	朱利安的笛子
sds	2909	捕获
sds	2926	先祖之心
sds	2927	喂食
sds	2928	治疗
sds	2933	释放迷香
sds	2934	冰封
sds	2998	旋冰破胆拳
sds	2999	寒风领域
sds	3068	挣脱
sds	3110	北冕座圣衣
sds	3111	乌鸦
sds	3190	幻影心魔
sds	3191	幻影心魔
sds	3196	幻影心魔
sds	3263	取暖
sds	3264	取暖
sds	3266	治疗
sds	3275	日冕冲击波
sds	3334	激励
sds	3381	冰霜炸弹
sds	3384	煞气冲击
sds	3385	戾气轰炸
sds	3386	加速
sds	3387	恢复生命
sds	3489	白鸟飞踢
sds	3525	邪恶咆哮
sds	3544	天神盾
sds	3545	天神领域
sds	3546	祝福神光
sds	3547	天神领域
sds	3548	修罗战吼
sds	3549	集血拳
sds	3550	修罗之刻
sds	3551	修罗之舞
sds	3552	断空掌
sds	3553	双重极限
sds	3554	十字割
sds	3555	二连斩
sds	3556	凶猛撕咬
sds	3557	扑杀
sds	3558	挑衅低吼
sds	3559	破甲重击
sds	3560	地狱轻叹
sds	3561	冰冷触摸
sds	3562	自爆瘟疫
sds	3563	饿鬼吞噬
sds	3583	星屑旋转功
sds	3584	星光灭绝
sds	3585	巨型号角
sds	3586	泰坦新星
sds	3587	异次元空间
sds	3588	银河星爆
sds	3589	积尸气苍鬼焰
sds	3590	积尸气冥界波
sds	3591	六道轮回
sds	3592	天舞宝轮
sds	3593	钳制念动波
sds	3594	猩红毒针
sds	3598	流星空突拳
sds	3599	天马流星拳
sds	3672	流星突突拳
sds	3673	天马流星拳
sds	3674	天马彗星拳
sds	3675	回旋碎击拳
sds	3676	龙之拳
sds	3677	庐山升龙霸
sds	3678	庐山龙飞翔
sds	3679	庐山百龙霸
sds	3680	钻石巨拳
sds	3681	钻石星辰拳
sds	3682	龙卷风舞
sds	3683	曙光女神的宽恕
sds	3684	凌虐之焰
sds	3685	凤翼天翔
sds	3686	凤凰幻魔拳
sds	3687	浴火奋战
sds	3688	次元角锁
sds	3689	恢复之光
sds	3690	锁链迷宫
sds	3691	星云风暴
sds	3715	次元之核
sds	3716	圣水
sds	3717	火把
sds	3718	沙罗之花
sds	3719	伪装冥斗士
sds	3726	冲拳
sds	3727	念力拳
sds	3728	休息
sds	3745	使用
sds	3746	鞭打
sds	3749	治疗
sds	3750	使用
sds	3793	雪球滚滚拳
sds	3794	天马流星拳
sds	3800	解除变身
sds	3920	杀戮之光
sds	3926	流星火雨
sds	3927	极光冻气
sds	3928	圣龙烈霸
sds	3929	牺牲裁断
sds	3930	凤凰梵焰
sds	3953	施肥
sds	3954	浇水
sds	4003	冰霜之吸
sds	4023	剥开
sds	4024	剥开
sds	4025	剥开
sds	4026	剥开
sds	4027	剥开
sds	4028	剥开
sds	4029	剥开
sds	4030	剥开
sds	4033	品尝
sds	4034	品尝
sds	4035	品尝
sds	4040	天马回旋碎击拳
sds	4089	强化奇袭
sds	4090	强化云之冲击
sds	4091	强化相同招式无效
sds	4092	强化决定性攻击
sds	4093	强化天马恒星拳
sds	4094	强化冰之舞
sds	4095	强化冻裂
sds	4096	强化寒潮频发
sds	4097	强化潮汐之力
sds	4098	强化永冻冰海之花
sds	4099	强化斩灵爪
sds	4100	强化涉水而行
sds	4101	强化再战
sds	4102	强化逆鳞触怒
sds	4103	强化千年龙转生
sds	4104	强化锁链标记
sds	4105	强化蔷薇杀阵
sds	4106	强化持久守护
sds	4107	强化抢救
sds	4108	强化冥王的特赦
sds	4109	强化火地狱
sds	4110	强化火精灵
sds	4111	强化真火暴烈
sds	4112	强化天威凌压
sds	4113	强化日冕冲击波
sds	4118	充能
sds	4119	黄金之怒
sds	4120	天魔降伏
sds	4128	注入能量
sds	4176	鸦杀
sds	4247	黑暗天马流星拳
sds	4248	黑暗钻石星辰拳
sds	4249	黑暗庐山升龙霸
sds	4250	黑暗星云风暴
sds	4251	黑暗凤翼天翔
sds	4286	光速效应
sds	4287	灭绝陨石
sds	4288	万有引力
sds	4289	超新星力场
sds	4290	天罚流星
sds	4291	天马回旋暴风
sds	4292	脆化冰冻
sds	4293	寒流威慑
sds	4294	活力封印
sds	4295	厄俄斯的制裁
sds	4296	北十字的守护
sds	4297	绝对零度结界
sds	4298	应剑而生
sds	4299	庇护之云
sds	4300	修罗之道
sds	4301	庐山龙照海
sds	4302	逆流圣血
sds	4303	圣剑天道
sds	4355	召唤
sds	4356	召唤
sds	4357	召唤
sds	4358	召唤
sds	4360	催促
sds	4437	黎明审判
sds	4471	锤击
sds	4472	熔火一击
sds	4473	泰坦魂爆
sds	4497	泰坦之力
sds	4498	旋风
sds	4499	箭雨
sds	4500	冲锋
sds	4501	重击
sds	4502	解散机甲
sds	4503	天马回旋旋风
sds	4506	升龙拳
sds	4507	庐山升龙霸
sds	4508	庐山百龙霸
sds	4509	回血
sds	4518	灭绝陨石
sds	4519	灭绝陨石
sds	4520	灭绝陨石
sds	4521	圣剑
sds	4523	宣战
sds	4535	庇护共鸣
sds	4536	命运之链
sds	4537	解放之光
sds	4538	命运献祭
sds	4539	虫洞扭曲
sds	4540	凤凰召唤
sds	4541	岩浆大地
sds	4542	三足火鸟
sds	4543	阴影束缚
sds	4544	红莲的化身
sds	4545	不死鸟传说
sds	4546	地狱幻魔拳
sds	4550	火焰痕迹
sds	4560	爱神之吻
sds	4594	云石旋风拳
sds	4595	空气防御壁
sds	4596	念力投射
sds	4597	罗盘禁锢
sds	4598	白鲸超绞拳 
sds	4599	灵魂轰炸
sds	4600	冰枪白莲华
sds	4601	明日之杯
sds	4602	地狱钢球锁链
sds	4603	恐怖怒吼
sds	4604	美杜沙之盾
sds	4605	毒妇恶魔拳 
sds	4606	莲华爆碎拳
sds	4607	红莲落神
sds	4608	绚舞裳闪脚
sds	4609	念动力 
sds	4610	千手神音拳
sds	4611	逐星之翎
sds	4612	积尸气转灵波
sds	4613	灵魂摄取
sds	4630	积尸气转灵波
sds	4631	凌虐之焰
sds	4632	凤翼天翔
sds	4636	南瓜炸弹
sds	4637	南瓜炸弹
sds	4638	大号南瓜炸弹
sds	4639	超级南瓜炸弹
sds	4640	十连发
sds	4694	星云锁链
sds	4695	滚动防御
sds	4696	星云风暴
sds	4697	女神赐福
sds	4730	阿瑞斯意志
sds	4731	天神乱漫
sds	4732	普通攻击
sds	4733	怒气冲击
sds	4734	鬼神乱舞
sds	4735	普通攻击
sds	4736	集气拳
sds	4737	斗神拳
sds	4738	普通攻击
sds	4739	流血切割
sds	4740	致命一击
sds	4741	普通攻击
sds	4742	地狱喷泉
sds	4743	猛火冲坏波
sds	4744	普通攻击
sds	4745	吸血爪
sds	4746	瘟疫风暴
sds	4747	普通攻击
sds	4760	鄙视
sds	4761	嘲笑
sds	4762	晕倒
sds	4763	格挡
sds	4776	降临！奥路菲竖琴
sds	4777	降临！美杜莎之盾
sds	4779	庐山升龙霸
sds	4780	庐山龙飞翔
sds	4784	生命回复
sds	4789	测试情谊技能1
sds	4792	测试情谊技能2
sds	4822	雅典娜的惊叹
sds	4823	雅典娜的惊叹
sds	4824	飞龙破击
sds	4825	飞龙破击
sds	4849	星辰傀儡线
sds	4850	巨翼翔风
sds	4860	跳舞
sds	4861	取消变身
sds	4862	星辰傀儡线
sds	4863	巨翼翔风
sds	4871	超·天马流星拳
sds	4879	星云锁链
sds	4880	滚动防御
sds	4881	星云风暴
sds	4896	凌虐之焰
sds	4897	凤翼天翔
sds	4898	凤凰闪烁
sds	4899	凤凰幻魔拳
sds	4900	凤凰涅槃
sds	4924	盖亚颂歌
sds	4925	冰河时代
sds	4926	冥太阳风
sds	4927	真空领域
sds	4928	黑暗力场
sds	5033	闪光碧波拳
sds	5034	雷电激光束
sds	5035	疾驰海龙戟
sds	5036	取消变身
sds	5064	空突拳
sds	5065	天马彗星拳
sds	5066	天马流星拳
sds	5072	闪电光速拳
sds	5073	狮子怒吼拳
sds	5085	天马彗星拳
sds	5086	天马流星拳
sds	5092	减百分之四十五血
sds	5129	天马流星拳
sds	5130	天马彗星拳
sds	5136	东西伯利亚的苦寒
sds	5137	庐山瀑布之逆流
sds	5138	黑玫瑰的遗产
sds	5139	轮回中永生的火焰
sds	5148	燃烧小宇宙
sds	5150	诅咒药剂
sds	5153	运用神像
sds	5167	龙之拳
sds	5168	庐山龙飞翔
sds	5169	庐山升龙霸
sds	5180	钻石巨拳
sds	5181	钻石星尘拳
sds	5187	钻石巨拳
sds	5188	极寒龙卷风
sds	5189	钻石星尘拳
sds	5215	面目全非脚
sds	5216	还我漂漂拳
sds	5227	天马落星拳
sds	5232	空突拳
sds	5233	天马彗星拳
sds	5234	天马流星拳
sds	5235	钻石巨拳
sds	5236	冰冻光环
sds	5237	钻石星辰拳
sds	5546	感恩
sds	5549	绝对零度
sds	5572	天马流星拳
sds	5573	天马流星光速拳
sds	5576	降临！奥路菲竖琴
sds	5577	降临！美杜莎之盾
sds	5598	天蝎尾刺
sds	5599	暗黑警告冲击波
sds	5600	最大警告
sds	5601	天鹫喷射风
sds	5602	宇宙大幻觉
sds	5603	生存之欲望
sds	5604	湮灭之爪
sds	5605	回旋船桨
sds	5606	旋转水流粉碎
sds	5607	血花刀剪
sds	5608	血花献祭
sds	5609	毁灭之翼风
sds	5610	火焰之刃
sds	5611	火焰紧绕
sds	5612	轮回转生
sds	5613	死亡交响曲
sds	5614	死亡之潮
sds	5617	火焰紧绕
sds	5618	雪玫瑰
sds	5664	钻石巨拳
sds	5665	冰冻光环
sds	5666	钻石星尘拳
sds	5667	曙光女神的宽恕
sds	5674	翼之双苍星
sds	5675	死兆星
sds	5676	银河杀阵
sds	5677	黄金冻结
sds	5678	极光喷发
sds	5679	寒武纪大灭绝
sds	5680	达摩克利斯
sds	5681	龙祖的血脉
sds	5682	霸王浮屠
sds	5683	莲华逆转
sds	5684	混沌次元风
sds	5685	诸神之黄昏
sds	5686	忉利焰天
sds	5687	黑洞效应
sds	5688	地狱火凤凰
sds	5695	降临！沙加念珠
sds	5699	念珠攻击
sds	5703	加速
sds	5704	星辰凝聚
sds	5776	天马流星拳
sds	5777	天马彗星拳
sds	5778	钻石星尘拳
sds	5779	极寒龙卷风
sds	5780	庐山升龙霸
sds	5781	庐山百龙霸
sds	5782	星云风暴
sds	5783	滚动防御
sds	5784	凤翼天翔
sds	5785	凤凰幻魔拳
sds	5795	雪花
sds	5802	雪暴雷云
sds	5803	装饰
sds	5850	海之领域
sds	5880	暗黑警告冲击波
sds	5881	最大警告
sds	5882	天鹫喷射风
sds	5883	宇宙大幻觉
sds	5895	天马回旋碎击拳
sds	5896	超强寒冷龙卷风
sds	5897	庐山龙天翔
sds	5898	星云锁链
sds	5899	凤凰幻魔拳
sds	5915	注入
sds	5916	修补
sds	5917	解除石化
sds	5918	解除石化
sds	5920	刺入
sds	5927	圣剑
sds	5934	龙之拳
sds	5935	庐山龙飞翔
sds	5936	庐山升龙霸
sds	5959	熔岩迸裂
sds	5960	火焰冲击
sds	5961	火源之力
sds	5965	庐山亢龙霸
sds	5976	星云爆裂
sds	5979	鹰之拳
sds	5980	天鹰脚
sds	5981	天鹰流星拳
sds	5982	天马流星拳
sds	5983	光速天马流星拳
sds	5984	天马彗星拳
sds	6015	释放
sds	6024	使用
sds	6038	星光灭绝
sds	6039	星屑旋转功
sds	6040	巨型号角
sds	6041	泰坦新星
sds	6042	银河星爆
sds	6043	异次元空间
sds	6044	积尸气冥界波
sds	6045	积尸气苍鬼焰
sds	6046	闪电光束拳
sds	6047	等离子光束拳
sds	6048	天魔降服
sds	6049	天舞宝轮
sds	6050	庐山升龙霸
sds	6051	庐山百龙霸
sds	6052	钳制念动波
sds	6053	猩红毒针
sds	6054	原子闪电光束拳
sds	6055	黄金箭
sds	6056	圣剑三连
sds	6057	黄金圣剑
sds	6058	原著-钻石星尘拳
sds	6059	曙光女神的宽恕
sds	6060	皇家恶魔玫瑰
sds	6061	吸血白玫瑰
sds	6093	脱下黄金圣衣
sds	6098	降临！阿布罗狄玫瑰
sds	6102	玫瑰攻击
sds	6215	降临！修罗圣剑
sds	6219	圣剑之刃
sds	6243	交藤缠绕
sds	6244	波涛汹涌
sds	6245	号令之旗
sds	6247	最后的守护
sds	6248	翻江倒海
sds	6249	鱼群涌动
sds	6250	迷之笼罩
sds	6251	夜幕降临
sds	6252	鬼主降临
sds	6253	毁天灭地
sds	6254	均衡诅咒
sds	6255	黑暗之吻
sds	6256	黄金三角次元
sds	6257	幻胧魔皇拳
sds	6258	降临！卡妙水瓶
sds	6262	曙光女神之惩戒
sds	6267	厉鬼
sds	6269	小宇宙能量
sds	6288	空突拳
sds	6289	流星拳
sds	6290	扫帚星拳
sds	6291	天马大头锤
sds	6292	钻石小拳
sds	6293	结晶之环
sds	6294	嗖嗖龙卷风
sds	6295	钻石星星拳
sds	6296	龙之拳
sds	6297	庐山龙滑翔
sds	6298	童式太极拳
sds	6299	庐山升龙吧
sds	6300	星云锁链
sds	6301	滚蛋防御
sds	6302	星云气流
sds	6303	星云疯暴
sds	6304	火弹
sds	6305	弹一闪
sds	6306	火鸟天翔
sds	6307	火鸟幻魔拳
sds	6308	裁决之拳
sds	6309	次元禁锢
sds	6310	异次元空间
sds	6311	银河星爆
sds	6312	三巴掌
sds	6313	旋风拳
sds	6314	健身操
sds	6315	无敌
sds	6316	兔击
sds	6317	兔子炸弹
sds	6318	追击炸弹
sds	6319	兔子飞弹
sds	6320	闪电枪
sds	6321	落雷
sds	6322	潮汐之怒
sds	6323	海皇神雷
sds	6324	锤击
sds	6325	泰坦飞锤
sds	6326	泰坦之力
sds	6327	泰坦无敌
sds	6328	飞箭
sds	6329	爱意
sds	6330	拥抱
sds	6331	博爱
sds	6332	熔岩
sds	6333	熔岩火人
sds	6334	熔岩之墙
sds	6335	熔岩领域
sds	6336	冥王之拳
sds	6337	冥月神斩
sds	6338	死亡一剑
sds	6339	永恒日蚀
sds	6340	兔拳
sds	6341	多子炸弹
sds	6342	消失
sds	6343	人间大炮
sds	6355	德墨忒耳的点金杖
sds	6356	智慧之果
sds	6389	极乐之梦
sds	6390	永恒的安眠
sds	6391	神罚之梦
sds	6400	奥林匹斯的永夜
sds	6407	光之箭
sds	6408	烈焰冲击
sds	6409	星辰之光影
sds	6412	憎恨
sds	6416	怜悯
sds	6421	毁灭双子星
sds	6423	恶之结晶
sds	6424	星云海啸
sds	6425	究极星爆
sds	6433	黄金三角次元
sds	6438	海龙之影
sds	6439	时空漩涡
sds	6440	黄道喷发
sds	6441	幻胧拳
sds	6442	黄金三角异次元
sds	6443	神之化身
sds	6445	降临！黄金之箭
sds	6449	女神之伤
sds	6454	黄道喷发
sds	6459	憎恨怜悯
sds	6460	双子星的重生
sds	6461	闪避
sds	6462	格挡
sds	6487	闪电流星
sds	6488	弑神黄金箭
sds	6489	荣耀之仪
sds	6490	黑暗救世主
sds	6491	阴影三连星
sds	6492	波塞冬的守护
sds	6493	天堂的干涉
sds	6494	恐惧弥漫
sds	6495	平行宇宙
sds	6496	天命之体
sds	6497	海之护体
sds	6498	教庭的审判
sds	6499	神圣绽放
sds	6500	邪恶绽放
sds	6501	神之牢笼
sds	6502	反物质次元
sds	6503	聚焦星辰
sds	6504	灵魂提炼
sds	6505	教皇的圣裁
sds	6506	弑神之心
sds	6507	最终献祭
sds	6509	霸王之怒
sds	6510	石化凝视
sds	6511	噬魂
sds	6512	冰冷威慑
sds	6568	火焰震击
sds	6569	烈焰吐息
sds	6570	深红死光
sds	6571	致命毒液
sds	6572	火焰震击
sds	6573	治疗波
sds	6574	星云辉光
sds	6575	风行
sds	6576	火焰震击
sds	6577	冰封球
sds	6578	石化之息
sds	6579	风行
sds	6580	^fff962黄金之箭
sds	6581	^fff962原子爆裂拳
sds	6582	^fff962箭雨流星
sds	6583	^fff962射手守护
sds	6584	^fff962水瓶降临
sds	6585	^fff962水瓶之光
sds	6586	^fff962曙光女神之怒
sds	6587	^fff962曙光护盾
sds	6588	^fff962天秤武库【攻】
sds	6589	^fff962百龙霸
sds	6590	^fff962天秤武库【守】
sds	6591	^fff962黄金锁链
sds	6592	^fff962天魔降服
sds	6593	^fff962魑魅魍魉
sds	6594	^fff962雅典娜意志
sds	6595	^fff962宝轮之光
sds	6596	^fff962艾欧里亚的援护
sds	6597	^fff962狮子搏兔
sds	6598	^fff962狮王怒焰
sds	6599	^fff962狮王之影
sds	6604	钻石星辰拳
sds	6605	寒冷的龙卷风
sds	6606	曙光女神的宽恕
sds	6607	闪电离子拳
sds	6608	闪电光束拳
sds	6609	闪电光牙
sds	6610	天空霸邪魑魅魍魉
sds	6611	天魔降伏
sds	6612	六道轮回
sds	6613	幻胧拳
sds	6614	异次元空间
sds	6615	银河星爆
sds	6616	庐山升龙霸
sds	6617	庐山百龙霸
sds	6618	水晶墙
sds	6619	星屑旋转
sds	6620	星光灭绝
sds	6621	巨型号角
sds	6622	泰坦新星
sds	6623	金牛凝视
sds	6624	圣剑
sds	6625	圣剑真空刃
sds	6626	达摩克利斯
sds	6627	积尸气葬魂波
sds	6628	积尸气冥界波
sds	6629	积尸气鬼苍焰
sds	6630	毒蝎念动波
sds	6631	猩红旋风
sds	6632	猩红毒针
sds	6633	皇家恶魔玫瑰
sds	6634	食人鱼玫瑰
sds	6635	蔷薇黑玫瑰
sds	6636	^fff962黄金箭雨
sds	6637	^fff962黄金箭雨
sds	6638	^fff962黄金箭雨
sds	6639	^fff962黄金陨石
sds	6640	^fff962黄金陨石
sds	6641	^fff962黄金陨石
sds	6648	光速拳
sds	6664	黑暗信仰
sds	6700	拉拽
sds	6701	离开战车
sds	6702	怪物伤害计时2分钟
sds	6703	离开战车
sds	6704	离开战车
sds	6705	离开战车
sds	6706	离开战车
sds	6707	离开战车
sds	6715	^fff962吸血鬼之触
sds	6737	艾欧里亚的援护
sds	6738	天马印记II
sds	6739	巨鲸印记II
sds	6740	霸王印记II
sds	6741	泰坦印记II
sds	6742	凤凰印记II
sds	6745	强化生命枯萎
sds	6746	强化邪恶绽放
sds	6747	强化反物质次元
sds	6748	强化弑神之心
sds	6749	强化霸王之怒
sds	6750	^fff962幻龙魔皇拳
sds	6751	^fff962黄金异次元
sds	6752	^fff962银河星爆
sds	6753	^fff962大漩涡
sds	6754	大漩涡
sds	6765	善恶随心
sds	6777	火球
sds	6778	吐息
sds	6779	极光束
sds	6786	齐发
sds	6787	黑暗三角次元
sds	6788	来自深海的祝福
sds	6789	兄长的教诲
sds	6795	死亡双翼
sds	6797	无定光辉
sds	6798	龙炎爆裂
sds	6799	龙之怒
sds	6800	神龙闪现
sds	6801	无定光辉
sds	6802	苍蓝祝福
sds	6803	神龙转生
sds	6804	神龙闪现
sds	6805	无定光辉
sds	6806	夜之诅咒
sds	6807	混乱风暴
sds	6808	神龙闪现
sds	6809	无定光辉
sds	6810	双生龙锁
sds	6811	青龙云屏
sds	6812	神龙闪现
sds	6817	怪物去死光环
sds	6822	小宇宙爆发
sds	6826	小宇宙爆发
sds	6827	小宇宙爆发
sds	6828	分裂信仰
sds	6831	无限体力
sds	6832	无敌免控
sds	6833	脱战
sds	6834	冥王之怒炫舞跳舞
sds	6837	降临！善恶的裁决
sds	6841	恶意裁决
sds	6850	致命飞跃
sds	6886	慈悲
sds	6887	天威
sds	6888	神裁
sds	6889	恐怖天命
sds	6890	神之通道
sds	6891	无形意志
sds	6892	魔龙冲撞
sds	6893	最大警告
sds	6894	轰鸣飞翔
sds	6895	星辰傀儡线
sds	6896	巨翼翔风
sds	6897	天鹫喷射风
sds	6898	宇宙大幻觉
sds	6899	测试潜行效果技能10分钟
sds	6900	测试潜行加装死效果技能10分钟
sds	6901	测试潜行效果技能1分钟
sds	6902	测试潜行效果技能2分钟
sds	6903	测试潜行效果技能5分钟
sds	6906	狮子光速拳
sds	6907	等离子光速拳
sds	6908	闪电光速拳
sds	6909	黄金狮子之怒
sds	6911	超·狮子光速拳
sds	6912	超·等离子光速拳
sds	6913	超·闪电光速拳
sds	6914	狮子獠牙
sds	6923	黑暗三角次元
sds	6925	降临！巨蟹之钳
sds	6929	巨蟹钳杀
sds	6936	射击
sds	6937	雷达
sds	6938	燃烧弹
sds	6939	冰冻地雷
sds	6940	钢铁武装
sds	6941	致盲弹
sds	6942	充能
sds	6943	暗杀姿态
sds	6944	暗沙拳
sds	6962	防护罩
sds	6965	深红飞弹
sds	6966	幽蓝飞弹
sds	6967	冰火冲击
sds	6968	空间折叠
sds	6969	眩光飞弹
sds	6970	束缚之光
sds	6971	忏悔之光
sds	6972	空间折叠
sds	6974	黄金异次元
sds	6988	射击
sds	6989	射击
sds	6990	射击
sds	6991	射击
sds	7026	念力圣剑
sds	7027	星屑旋转
sds	7028	积尸气转灵波
sds	7033	阴影之击
sds	7034	幽冥之爪
sds	7035	暗影波动
sds	7036	暗影波动
sds	7037	暗影吸附
sds	7039	天马印记I
sds	7040	巨鲸印记I
sds	7041	霸王印记I
sds	7042	泰坦印记I
sds	7043	凤凰印记I
sds	7048	解除变身
sds	7055	降临!黄金狮子
sds	7058	黄金狮子的扑跃
sds	7081	幻想迷乐
sds	7082	弦乐终止
sds	7102	超速飓风
sds	7103	白鲸超绞拳
sds	7106	熔岩喷射
sds	7107	^fff962最高警戒
sds	7108	熔岩喷射
sds	7109	致命投掷
sds	7110	^fff962石化之翼
sds	7111	魔龙形态
sds	7113	暗影之炎
sds	7114	暗黑警告
sds	7140	嗜血
sds	7143	治疗
sds	7171	赤红之炎
sds	7172	苍白之炎
sds	7173	魔龙摆尾
sds	7174	魔龙展翅
sds	7175	^fff962熔岩之怒
sds	7176	圣衣碎裂
sds	7177	冥王之盾
sds	7185	衰弱之炎
sds	7186	龙牙之怒
sds	7187	苍炎飓风
sds	7188	白焰之舞
sds	7218	石像鬼之爪
sds	7219	石像鬼之越
sds	7220	破除诅咒
sds	7230	再次飞跃
sds	7231	暗影飞跃
sds	7232	骐骥一跃
sds	7233	凌虐弱小
sds	7234	熔岩掌控
sds	7235	熔岩波动
sds	7236	蛮力投掷
sds	7237	震荡一击
sds	7238	蔟火
sds	7239	哈迪斯守护
sds	7240	哈迪斯威慑
sds	7241	哈迪斯意志
sds	7242	怒火守护
sds	7243	天威星之触
sds	7244	冥王之剑
sds	7245	防御警戒
sds	7246	神之闪避
sds	7247	殇之壁垒
sds	7248	寒冰石龙
sds	7249	烈焰石龙
sds	7250	暗影石龙
sds	7251	暗影狂怒
sds	7252	龙之滑翔
sds	7253	魔化之龙
sds	7254	致命投掷
sds	7271	召唤！军团旌旗
sds	7281	极热冲击
sds	7282	熔岩之锁
sds	7283	熔火之心
sds	7284	焰光喷发
sds	7291	翼龙冲击波
sds	7292	巨翼旋风
sds	7293	南冕暴风拳
sds	7294	疾空坠落
sds	7295	死亡之蝇
sds	7296	夺命升天拳
sds	7297	黄金亡命发
sds	7298	金光护体
sds	7299	幻觉之箭
sds	7300	夺命狩猎箭
sds	7301	雷鸣蛇爪
sds	7302	巨蟒之握
sds	7315	巨斧飞舞
sds	7316	地狱天刑
sds	7317	死亡香气
sds	7318	致命香气
sds	7319	山崩地裂
sds	7320	冥魂追命
sds	7321	巨人擒杀
sds	7322	巨人重拳
sds	7323	血雾
sds	7324	死亡召唤者
sds	7325	主宰之眼
sds	7326	震撼海峡
sds	7327	死亡囚牢
sds	7328	地狱震击
sds	7329	冥蝶缠丝
sds	7330	冥界之蝶
sds	7355	星光灭绝
sds	7356	星屑旋转功
sds	7357	巨型号角
sds	7358	泰坦新星
sds	7359	银河星爆
sds	7360	幻胧魔皇拳
sds	7361	异次元空间
sds	7362	积尸气冥界波
sds	7363	积尸气鬼苍焰
sds	7364	闪电光速拳
sds	7365	等离子光速拳
sds	7366	天魔降服
sds	7367	六道轮回
sds	7368	天舞宝轮
sds	7369	庐山升龙霸
sds	7370	庐山百龙霸
sds	7371	念力幽禁
sds	7372	猩红毒针
sds	7373	深红毒针
sds	7374	原子闪电光速拳
sds	7375	黄金箭
sds	7376	圣剑三连
sds	7377	黄金圣剑
sds	7378	钻石星尘拳
sds	7379	曙光女神之宽恕
sds	7380	皇室魔宫玫瑰
sds	7381	吸血玫瑰
sds	7382	食人鱼玫瑰
sds	7398	翼龙冲击波
sds	7399	格挡
sds	7400	闪避
sds	7409	时空动荡
sds	7410	幻影风暴
sds	7411	残影迷踪
sds	7412	嗜血冲击
sds	7413	嗜血爆裂
sds	7414	嗜血饕餮
sds	7415	黑暗呓语
sds	7416	火焰之羽
sds	7417	死亡皇后召唤
sds	7419	幻胧拳
sds	7420	黄道喷发
sds	7422	风暴之云
sds	7423	极寒之甲
sds	7424	严冬之舞
sds	7425	繁星意志
sds	7426	炙热铰链
sds	7428	次元护盾
sds	7431	强化升龙阵
sds	7432	盛怒龙魂
sds	7433	碎裂弹射
sds	7438	碎裂弹射
sds	7439	冥王守卫
sds	7441	天马之殇
sds	7442	迅捷之舞
sds	7443	讯光之魂
sds	7448	强化骐骥一跃
sds	7449	强化熔岩掌控
sds	7450	强化簇火
sds	7451	强化嗜血饕餮
sds	7452	强化冥王之剑
sds	7473	风之星灵
sds	7474	水之星灵
sds	7475	地之星灵
sds	7476	雷之星灵
sds	7477	火之星灵
sds	7478	怒之星灵
sds	7479	银河逆流
sds	7480	流星赶月
sds	7481	星云突进
sds	7482	横断星脉
sds	7490	50万战力开关技能
sds	7491	70万战力开关技能
sds	7492	90万战力开关技能
sds	7497	哈迪斯的衣钵
sds	7498	迪斯马斯克的怒火
sds	7503	智慧女神：雅典娜之圣盾
sds	7506	雅典娜的惩戒
sds	7510	黑暗翼龙冲击波
sds	7511	神圣裁决
sds	7512	圣域禁令
sds	7513	圣光沐浴
sds	7515	踩
sds	7516	使劲踩
sds	7517	轰隆隆
sds	7526	射击
sds	7527	体力药剂
sds	7528	潜力爆发
sds	7531	天秤座：童虎之双节棍
sds	7534	光龙破冲
sds	7540	庐山百龙霸
sds	7558	拯救
sds	7567	死亡凝视
sds	7568	天罚
sds	7569	闪电风暴
sds	7570	雷电俯冲
sds	7583	天蝎座：黄金蝎尾
sds	7586	天蝎之怒
sds	7600	北极之光
sds	7601	永冻冰柱
sds	7625	狂风爆破
sds	7626	急速龙卷
sds	7627	烈风冲击
sds	7628	疾风
sds	7643	西伯利亚之殇
sds	7649	取消变龙
sds	7675	战神雕像
sds	7676	生命之杖
sds	7678	缓速魔杖
sds	7680	贤者之石（精准）
sds	7681	贤者之石（抗性）
sds	7682	贤者之石（攻防）
sds	7683	贤者之石（减抗）
sds	7684	贤者之石（幸运）
sds	7685	贤者之石（活力）
sds	7704	以命抵命
sds	7792	解毒血清
sds	7793	冥蛇攻击
sds	7818	抓捕
sds	7819	调查
sds	7830	白羊之魂
sds	7831	金牛之魂
sds	7832	白羊之魂
sds	7833	金牛之魂
sds	7834	双子之魂
sds	7835	巨蟹之魂
sds	7836	双子之魂
sds	7837	巨蟹之魂
sds	7838	狮子之魂
sds	7839	处女之魂
sds	7840	狮子之魂
sds	7841	处女之魂
sds	7846	天秤座：童虎之黄金枪
sds	7849	黄金枪之威
sds	7853	天秤之魂
sds	7854	天蝎之魂
sds	7855	天秤之魂
sds	7856	天蝎之魂
sds	7857	射手之魂
sds	7858	摩羯之魂
sds	7859	射手之魂
sds	7860	摩羯之魂
sds	7861	水瓶之魂
sds	7862	双鱼之魂
sds	7863	水瓶之魂
sds	7864	双鱼之魂
sds	7894	CA测试技能禁锢伤害
sds	7895	CA测试技能美丽的护盾
sds	7897	束缚之锁
sds	7900	星陨
sds	7901	碎星
sds	7902	群星坠落
sds	7903	光之暗面
sds	7956	热血的雪人
sds	7957	冷酷的雪人
sds	7958	坚强的雪人
sds	7977	迅光拳
sds	7978	迅光飞踢
sds	7979	独角残影
sds	7980	独角飞奔
sds	7981	蛇拳
sds	7982	水蛇毒牙
sds	7983	毒蛇飞梭
sds	7984	剧毒区域
sds	7985	熊击
sds	7986	巨熊咆哮
sds	7987	巨熊吊杀
sds	7988	北极熊
sds	7989	熊爪
sds	7990	震击
sds	7991	熊扑
sds	7992	雷电鞭
sds	7993	裂地雷击
sds	7994	变色龙尾
sds	7995	变色
sds	7996	幼狮拳
sds	7997	火焰连弹
sds	7998	狮爪旋风
sds	7999	幼狮炸弹
sds	8000	狼拳
sds	8001	天狼扑杀
sds	8002	死亡咆哮
sds	8003	幻影天狼拳
sds	8004	念力拳
sds	8005	星屑小旋风
sds	8006	星光璀璨
sds	8007	念力回城
sds	8008	黑暗空突拳
sds	8009	黑暗诅咒
sds	8010	黑死拳
sds	8011	黑死彗星拳
sds	8012	黑冰拳
sds	8013	黑暗冰箭
sds	8014	黑暗冻气
sds	8015	黑吹雪
sds	8016	黑暗龙拳
sds	8017	黑龙波
sds	8018	暗龙连打
sds	8019	黑暗升龙霸
sds	8020	黑蛇锁链
sds	8021	黑箭
sds	8022	黑蛇防御阵
sds	8023	黑暗星云
sds	8024	黑火拳
sds	8025	凤凰的影子
sds	8026	皇后岛黑焰
sds	8027	黑暗凤翼天翔
sds	8028	强拳
sds	8029	红莲圣火
sds	8030	黑暗圣火
sds	8031	飞奔火流星
sds	8032	蹼击
sds	8033	地刺
sds	8034	青蛙跳
sds	8035	硬皮
sds	8036	伟大之光
sds	8037	炫光持枪者
sds	8038	般若五行
sds	8154	白羊座：穆先生的神工锤
sds	8157	鬼斧神工
sds	8172	投掷圣诞袜
sds	8173	礼物箱炸弹
sds	8174	圣诞树的祝福
sds	8175	圣诞快乐
sds	8176	明王怒炎
sds	8177	煌炎斩
sds	8178	赤色彗星
sds	8179	不动如山
sds	8218	六圣兽拳
sds	8219	巨大龙卷风
sds	8220	六兽獠牙
sds	8228	鹰击长空
sds	8229	狼牙利齿
sds	8230	蛇毒缠绕
sds	8231	蝠牙辽阔
sds	8232	熊爪撩人
sds	8242	30w战力开关技能[101双子-天刹丶落不尽的伤]
sds	8243	40w战力开关技能[105双子座-浅水深蓝]
sds	8268	金牛座：阿鲁迪巴的黄金头盔
sds	8271	金牛冲撞
sds	8273	胜利女神：黄金权杖
sds	8276	神罚之光
sds	8280	飞毒刺
sds	8281	荣耀之刺
sds	8282	蝎毒涌爆
sds	8283	血色蔓延
sds	8285	投掷爆竹
sds	8286	烟花烈焰
sds	8287	神兽奔腾
sds	8288	神兽的祝福
sds	8289	爱的玫瑰
sds	8290	爱的赠礼
sds	8291	爱的祝福
sds	8292	情人节快乐
sds	8294	高涨波涛
sds	8295	神之气息
sds	8296	空气防御壁
sds	8310	我本人类
sds	8353	雷罚
sds	8354	鹿角冲击
sds	8355	星辰闪耀
sds	8356	星空祝福